Dataset,Category,N_Terms,Mean_Count,Std_Count,Mean_Pvalue,Std_Pvalue,Median_Pvalue,Std_Median_Pvalue
ILI,Bonferroni,9,1.2222222222222223,0.41573970964154905,9.822222222222223e-05,9.430892237485367e-05,9.822222222222223e-05,9.430892237485367e-05
ILI,FDR,25,1.48,0.8059776671843955,0.0014948000000000001,0.0011629243483563324,0.00150252,0.0011836970261008513
ILI,Uncorrected,88,1.8977272727272727,1.0664274761949222,0.020921306818181818,0.012417010792894666,0.020479568181818182,0.013066123378969072
NREVSS,Bonferroni,10,1.6,0.8,0.0001057,8.783512964640059e-05,0.0001014,8.983674081354466e-05
NREVSS,FDR,26,1.5384615384615385,0.8871201995900613,0.0009756923076923076,0.0007207653394525939,0.0009817692307692307,0.0007238427000653318
NREVSS,Uncorrected,96,2.1354166666666665,1.1144859770564883,0.02045709375,0.010947669597032706,0.020397135416666667,0.011769874166188537
